apple,beach,chair,dance,eagle,fence,happy,inbox,jelly,
knife,lunge,mango,nerve,peach,quiet,reach,snake,train,
umbra,visit,whale,xenon,yacht,zebra,above,bison,charm,dozen,
equip,flint,grace,hound,joker,known,lemon,music,water,beard,great,renal,
ozone,peace,queen,radar,snail,table,ulcer,vapor,wrist,zesty,alien,braid,chime,drape,elude,fable,glide,hast,jolly,knack,laugh,magma,quirk,
swarm,table,vapor,wharf,xenon,yodel,zesty,alloy,brute,
candy,delve,ember,fluke,grime,hasty,indie,joust,kebab,leech,
marsh,nymph,prime,quill,scold,thump,waltz,xenon,zebra,abuzz,blaze,charm,dwelt,eerie,fluff,
grasp,hunch,image,jaded,kayak,lemon,mimic,plush,lemur,dense,decks,ferry,dairy,
quilt,relax,spore,thumb,unify,waive,xenon,yield,zesty,
acorn,batch,camel,decay,empty,flame,grind,horse,infer,joker,
kneel,leash,mouse,plush,query,ruler,swamp,thyme,under,vital,whale,xenon,youth,zebra,afire,blitz,chose,draft,
elbow,flask,hoist,inert,jolly,kegga,leech,marsh,plush,quack,refer,shred,trace,upend,whale,
youth,zebra,adore,blimp,crane,dealt,elude,frown,grasp,haste,
input,juicy,knock,lemon,medal,plush,quart,ridge,slash,table,umbra,wheel,xerox,yacht,zebra,ample,bulge,chaos,decay,empty,fable,grain,hound,jolly,known,leech,mirth,plush,query,rider,shred,table,upend,waive,xenon,yacht,zebra,abide,blitz,crown,drift,eager,flask,
grape,hoist,infer,joker,kneel,lemon,marsh,noble,olive,plush,
quart,rider,shred,table,upend,whale,xenon,yacht,zebra,aahed,aalii,aargh,aarti,abaca,abaci,aback,abacs,abaft,abaka,abamp,aband,abase,abash,abask,abate,abaya,abbas,abbed,abbes,abbey,abbot,abcee,
abeam,abear,abele,abers,abets,abhor,abide,abies,abled,abler,ables,ablet,ablow,abmho,abode,abohm,aboil,aboma,aboon,abord,abore,abort,about,
above,abram,abray,abrim,abrin,abris,absey,absit,abuna,abune,abuse,abuts,abuzz,abyes,abysm,abyss,acais,acari,accas,accoy,acerb,acers,aceta,
achar,ached,aches,achoo,acids,acidy,acing,acini,ackee,acker,acmes,acmic,acned,acnes,acock,acold,acorn,acred,acres,acrid,acros,acted,actin,
acton,actor,acute,acyls,adage,adapt,adaws,adays,adbot,addax,added,adder,addio,addle,adeem,adept,adhan,adieu,adios,adits,adman,admen,admin,
admit,admix,adobe,adobo,adopt,adore,adorn,adown,adoze,adrad,adred,adsum,aduki,adult,adunc,adust,advew,adyta,adzed,adzes,aecia,aedes,aegis,
aeons,aerie,aeros,aesir,afald,afara,afars
aahed,aalii,aargh,aarti,abaca,abaci,aback,abacs,abaft,abaka,abamp,aband,abase,abash,abask,abate,abaya,abbas,abbed,abbes,abbey,abbot,abcee,
abeam,abear,abele,abers,abets,abhor,abide,abies,abled,abler,ables,ablet,ablow,abmho,abode,abohm,aboil,aboma,aboon,abord,abore,abort,about,
above,abram,abray,abrim,abrin,abris,absey,absit,abuna,abune,abuse,abuts,abuzz,abyes,abysm,abyss,acais,acari,accas,accoy,acerb,acers,aceta,
achar,ached,aches,achoo,acids,acidy,acing,acini,ackee,acker,acmes,acmic,acned,acnes,acock,acold,acorn,acred,acres,acrid,acros,acted,actin,
acton,actor,acute,acyls,adage,adapt,adaws,adays,adbot,addax,added,adder,addio,addle,adeem,adept,adhan,adieu,adios,adits,adman,admen,admin,
admit,admix,adobe,adobo,adopt,adore,adorn,adown,adoze,adrad,adred,adsum,aduki,adult,adunc,adust,advew,adyta,adzed,adzes,aecia,aedes,aegis,
aeons,aerie,aeros,aesir,afald,afara,afars,afear,affix,afire,aflaj,afoot,afore,afool,afray,afrit,afros,after,again,agama,agami,agape,agars,
agast,agate,agave,agaze,agene,agent,agers,agger,aggie,aggri,aggro,aggry,aghas,agila,agile,aging,agios,agism,agist,agita,aglee,aglet,agley,
agloo,aglow,aglus,agmas,agoge,agone,agons,agony,agood,agora,agree,agria,agrin,agros,agued,agues,aguna,aguti,ahead,aheap,ahems,ahent,ahigh,
ahind,ahing,ahint,ahold,ahull,ahuru,aidas,aided,aider,aides,aidoi,aidos,aiery,aigas,aight,ailed,aimed,aimer,ainee,ainga,aioli,aired,airer,
airns,airth,airts,aisle,aitch,aitus,aiver,aiyee,aizle,ajies,ajiva,ajuga,ajwan,akees,akela,akene,aking,akita,akkas,alaap,alack,alamo,aland,
alane,alang,alans,alant,alapa,alaps,alarm,alary,alate,alays,albas,albee,album,alcid,alcos,aldea,alder,aldol,aleck,alecs,alefs,aleft,aleph,
alert,alews,aleye,alfas,algae,algal,algas,algid,algin,algor,algum,alias,alibi,alien,alifs,align,alike,aline,alist,alive,aliya,alkie,alkos,
alkyd,alkyl,allay,allee,allel,alley,allis,allod,allot,allow,alloy,allyl,almah,almas,alme,almeh,almes,almud,almug,alods,aloed,aloes,aloft,
aloha,aloin,alone,along,aloof,aloos,aloud,alowe,alpha,altar,alter,altho,altos,alula,alums,alure,alvar,alway,amahs,amain,amass,amate,amaut,
amaze,amban,amber,ambit,amble,ambos,ambry,ameba,ameer,amend,amene,amens,ament,amias,amice,amici,amide,amido,amids,amies,amiga,amigo,amine,
amino,amins,amirs,amiss,amity,amlas,amman,ammon,ammos,amnia,amnic,amnio,amoks,amole,among,amort,amour,amove,amowt,amped,ample,amply,ampul,
amrit,amuck,amuse,amyls,anana,anata,ancho,ancle,ancon,andro,anear,anele,anent,angas,angel,anger,angle,anglo,angry,angst,anigh,anile,anils,
anima,anime,animi,anion,anise,anker,ankhs,ankle,ankus,anlas,annal,annas,annat,annex,annoy,annul,anoas,anode,anole,anom,ansae,antae,antar,
antas,anted,antes,antic,antis,antra,antre,antsy,anura,anvil,anyon,aorta,apace,apage,apaid,apays,apeak,apeek,apers,apert,apery,apgar,aphid,
aphis,apian,aping,apiol,apish,apism,apnea,apode,apods,apoop,aport,appal,appay,appel,apple,apply,appro,appui,appuy,apres,apron,apses,apsis,
apsos,apted,apter,aptly,aquae,aquas,araba,araks,arame,arars,arbas,arbor,arced,archi,arcos,arcus,ardeb,ardor,
ardri,aread,areae,areal,arear,areas,areca,aredd,arede,arefy,areic,arena,arene,arepa,arere,arete,arets,arett,argal,argan,argil,argle,argol,
argon,argot,argue,argus,arhat,arias,ariel,ariki,arils,ariot,arise,arish,arked,arled,arles,armed,armer,armet,armil,armor,arnas,arnut,aroba,
aroha,aroid,aroma,arose,arpas,arpen,arrah,arras,array,arret,arris,arrow,arroz,arsed,arses,arsey,arsis,arson,artal,artel,artic,artis,artsy,
aruhe,arums,arval,arvee,arvos,aryls,asana,ascon,ascot,ascus,asdic,ashed,ashen,ashes,ashet,aside,asked,asker,askew,askoi,askos,aspen,asper,
aspic,aspis,aspro,assai,assam,assay,asses,asset,assez,assot,aster,astir,astun,asura,asway,aswim,asyla,ataps,ataxy,atigi,atilt,atimy,atlas,
atman,atmas,atmos,atocs,atoke,atoks,atoll,atoms,atomy,atone,atony,atopy,atria,atrip,attap,attar,attic,atuas,audad,audio,audit,auger,aught,
augur,aulas,aulic,auloi,aulos,aumil,aunes,aunts,aunty,aurae,aural,aurar,auras,aurei,aures,auric,auris,aurum,autos,auxin,avail,avale,avant,
avast,avels,avens,avers,avert,avgas,avian,avine,avion,avise,aviso,avize,avoid,avows,avyze,await,awake,award,aware,awarn,awash,awato,awave,
aways,awdls,aweel,aweto,awful,awing,awmry,awned,awner,awoke,awols,awork,axels,axial,axile,axils,axing,axiom,axion,axite,axled,axles,axman,
axmen,axoid,axone,axons,ayahs,ayaya,ayelp,aygre,ayins,ayont,ayres,ayrie,azans,azide,azido,azine,azlon,azoic,azole,azons,azote,azoth,azuki,
azure,azurn,azury,azygy,azyme,azyms,baaed,baals,babas,babel,babes,babka,baboo,babul,babus,bacca,bacco,baccy,bacha,bachs,backs,bacon,baddy,
badge,badly,baels,baffs,baffy,bafts,bagel,baggy,baghs,bagie,bahts,bahus,bahut,bails,bairn,baisa,baith,baits,baiza,baize,bajan,bajra,bajri,
bajus,baked,baken,baker,bakes,balas,balds,baldy,baled,baler,bales,balks,balky,balls,bally,balms,balmy,baloo,balsa,balti,balun,balus,bambi,
banak,banal,banco,bancs,banda,bandh,bands,bandy,baned,banes,bangs,bania,banjo,banks,banns,bants,banty,banya,bapus,barbe,barbs,barby,barca,
barde,bardo,barde,bards,bardy,bared,barer,bares,barfi,barfs,barge,baric,barks,barky,barms,barmy,barns,barny,baron,barps,barra,barre,barro,
barry,barye,basal,basan,based,basen,baser,bases,basho,basic,basij,basil,basin,basis,basks,bason,basse,bassi,basso,bassy,basta,baste,basti,
basto,basts,batch,bated,bates,bathe,baths,batik,baton,batta,batts,battu,batty,bauds,bauks,baulk,
bawds,bawdy,bawks,bawls,bawns,bawrs,bawty,bayed,bayer,bayes,bayle,bayou,bayts,bazar,bazoo,beach,beads,beady,beaks,beaky,beals,beams,beamy,
beano,beans,beany,beard,beare,beast,beath,beats,beaty,beaus,beaut,beaux,bebop,becap,becke,becks,bedad,bedel,bedes,bedew,bedim,bedye,beech,
beedi,beefs,beefy,beeps,beers,beery,beets,befit,befog,begad,began,begar,begat,begem,beget,begin,begot,begum,begun,beige,beigy,being,beins,
bekah,belah,belar,belay,belch,belee,belga,belie,belle,bells,belly,belon,below,belts,bemad,bemas,bemix,bemud,bench,bends,bendy,benes,benet,
benga,benis,benne,benni,benny,bento,bents,benty,bepat,beray,beres,beret,bergs,berko,berks,berme,berms,berob,berry,berth,beryl,besat,
besaw,besee,beses,beset,besit,besom,besot,besti,bests,betas,beted,betel,betes,beths,betid,beton,betta,betty,bevel,bever,bevor,bevue,bevvy,
bewet,bewig,bezel,bezes,bezil,bezzy,bhais,bhaji,bhang,bhats,bhels,bhoot,bhuna,bhuts,biach,biali,bialy,bibbs,bibes,bible,biccy,bicep,bices,
biddy,bided,bider,bides,bidet,bidis,bidon,bield,biers,biffo,biffs,biffy,bifid,bigae,biggs,biggy,bigha,bight,bigly,bigos,bigot,bijou,biked,
biker,bikes,bikie,bilbo,bilby,biled,biles,bilge,bilgy,bilks,bills,billy,bimah,bimas,bimbo,binal,bindi,binds,biner,bines,binge,bingo,bings,
bingy,binit,binks,bints,biogs,biome,biont,biota,biped,bipod,birch,birds,birks,birle,birls,biros,birrs,birse,birsy,birth,bises,bisks,bisom,
bison,bitch,biter,bites,bitos,bitou,bitsy,bitte,bitts,bitty,bivia,bivvy,bizes,bizzo,bizzy,blabs,black,blade,blads,blady,blaer,blaes,blaff,
blags,blahs,blain,blame,blams,bland,blank,blare,blart,blase,blash,blast,blate,blats,blatt,blaud,blawn,blaws,blays,blaze,bleak,blear,bleat,
blebs,blech,bleed,bleep,blees,blend,blent,blert,bless,blest,blets,bleys,blimp,blimy,blind,bling,blini,blink,blins,bliny,blips,bliss,blite,
blits,blitz,blive,bloat,blobs,block,blocs,blogs,bloke,blond,blood,blook,bloom,bloop,blore,blots,blown,blows,blowy,blubs,blude,bluds,bludy,
blued,bluer,blues,bluet,bluey,bluff,bluid,blume,blunk,blunt,blurb,blurs,blurt,blush,blype,boabs,boaks,board,boars,boart,boast,boats,bobac,
bobak,bobas,bobby,bobol,bobos,bocca,bocce,bocci,bocks,boded,bodes,bodge,bodhi,bodle,boeps,boets,boeuf,boffo,boffs,bogan,bogey,boggy,bogie
,bogle,bogue,bogus,bohea,bohos,boils,boing,boink,boite,boked,bokeh,bokes,bokos,bolar,bolas,bolds,boles,bolix,bolls,bolos,bolts,bolus,bomas,
bombe,bombo,bombs,bonce,bonds,boned,boner,bones,boney,bongo,bongs,bonie,bonks,bonne,bonny,bonus,bonza,bonze,booai,booay,boobs,booby,boody,
booed,boofy,boogy,boohs,books,booky,bools,booms,boomy,boons,boord,boors,boose,boost,booth,boots,booty,booze,boozy,boppy,borak,boral,boras,
borax,borde,bords,bored,boree,borel,borer,bores,borgo,boric,borks,borms,borna,borne,boron,borts,borty,bortz,bosie,bosks,bosky,bosom,boson,
bossy,bosun,botas,botch,botel,botes,bothy,botte,botts,botty,bouge,bough,bouks,boule,boult,bound,bouns,bourd,bourg,bourn,bouse,bousy,bouts,
bovid,bowat,bowed,bowel,bower,bowes,bowet,bowie,bowls,bowne,bowrs,bowse,boxed,boxen,boxer,boxes,boxla,boxty,boyar,boyau,boyed,boyfs,boygs,
boyla,boyos,boysy,bozos,braai,brace,brach,brack,bract,brads,braes,brags,braid,brail,brain,brake,braks,braky,brame,brand,brane,brank,brans,
brant,brash,brass,brast,brats,brava,brave,bravi,bravo,brawl,brawn,braws,braxy,brays,braza,braze,bread,break,bream,brede,breds,breed,breem,
breer,brees,breid,breis,breme,brens,brent,brere,brers,breve,brews,breys,briar,bribe,brick,bride,brief,brier,bries,brigs,briki,briks,brill,
brims,brine,bring,brink,brins,briny,brios,brise,brisk,briss,brith,brits,britt,brize,broad,broch,brock,brods,brogh,brogs,broil,broke,brome,
bromo,bronc,brond,brood,brook,brool,broom,broos,brose,brosy,broth,brown,brows,brugh,bruin,bruit,brume,brunt,brush,brusk,brute,bruts,bubal,
bubbe,bubby,bubus,bucko,bucks,buddy,budge,buffi,buffo,buffs,buffy,buggy,bugle,buhls,buhrs,build,built,bulbs,bulge,bulgymbulgy,bulks,burns,
ciels,cigar,ciggy,cilia,cills,cimar,cimex,cinch,cinct,cines,cinqs,cions,cippi,circa,circs,cires,cirls,cirri,cisco,cissy,cists,cital,cited,
citer,cites,cives,civet,civic,civie,civil,civvy,clach,clack,clade,clads,claes,clags,claim,clame,clamp,clams,clang,clank,clans,claps,clapt,
claro,clart,clary,clash,clasp,class,clast,clats,claut,clave,clavi,claws,clays,clean,clear,cleat,cleck,cleek,cleep,clefs,cleft,clegs,cleik,
clems,clepe,clept,clerk,cleve,clews,click,clied,clies,cliff,clift,climb,clime,cline,cling,clink,clint,clipe,clips,clipt,clits,cloak,cloam,
clock,clods,cloff,clogs,cloke,clomb,clomp,clone,clonk,clons,cloop,cloot,clops,close,clote,cloth,clots,cloud,clour,clous,clout,clove,clown,
clows,cloye,cloys,cloze,clubs,cluck,clued,clues,cluey,clump,clung,clunk,clype,cnida,coach,coact,coady,coala,coals,coaly,coapt,coarb,coast,
coate,coati,coats,cobbs,cobby,cobia,coble,cobra,cobza,cocas,cocci,cocco,cocks,cocky,cocoa,cocos,codas,codec,coded,coden,coder,codes,codex,
codon,coeds,coffs,cogie,cogon,cogue,cohab,cohen,cohoe,cohog,cohos,coifs,coign,coils,coins,coirs,coits,coked,cokes,colas,colby,colds,coled,
coles,coley,colic,colin,coils,coins,coirs,coits,coked,cokes,colas,colby,colds,coled,coles,coley,colic,colin,comae,comal,comas,combe,combi,
combo,combs,comby,comer,comes,comet,comfy,comic,comix,comma,commo,comms,commy,compo,comps,compt,comte,comus,conch,condo,coned,cones,coney,
confs,conga,conge,congo,conia,conic,conin,conks,conky,conne,conns,conte,conto,conus,convo,cooch,cooed,cooee,cooer,cooey,coofs,cooks,cooky,
cools,cooly,coomb,cooms,coomy,coons,coops,coopt,coost,coots,cooze,copal,copay,coped,copen,coper,copes,coppy,copra,copse,copsy,coqui,coral,
coram,corbe,corby,cords,cored,corer,cores,corey,corgi,coria,corks,corky,corms,corni,corno,corns,cornu,corny,corps,corse,corso,cosec,cosed,
coses,coset,cosey,cosie,costa,coste,costs,cotan,coted,cotes,coths,cotta,cotts,couch,coude,cough,could,count,coupe,coups,courb,courd,coure,
cours,court,couta,couth,coved,coven,cover,coves,covet,covey,covin,cowal,cowan,cowed,cower,cowks,cowls,cowps,cowry,coxae,coxal,coxed,coxes,
coxib,coyau,coyed,coyer,coyly,coypu,cozed,cozen,cozes,cozey,cozie,craal,crabs,crack,craft,crag,claim,clame,clamp,clams,clang,clank,clans,
claps,clapt,claro,clart,clary,clash,clasp,class,clast,clats,claut,clave,clavi,claws,clays,clean,clear,cleat,hairy,dosed,doser,doses,dosha,
dotal,doted,dotel,doter,dotes,dotis,dotte,doubt,douce,doucs,dougs,dough,doula,doums,dound,doups,doura,douse,douts,douty,dovan,doves,dowel,
dower,dowle,downs,dowps,dowry,dowse,doxas,doxor,dozed,dozer,dozes,drabs,draco,drail,drain,drake,dramp,drams,drank,drape,draps,drats,drave,
drawk,drawl,drawn,draws,drayl,drays,dread,dream,drear,dreck,dreed,drees,dregs,dreks,drepe,dress,drest,drews,dribs,drice,dried,drier,dries,
drift,drill,drily,drink,drinn,drips,dript,drive,drobs,drock,drogs,droil,droit,drole,droll,drome,droms,drone,dronk,drool,droop,droos,drope,
drops,dropt,dross,drouk,droul,drout,drove,drown,drube,drubs,druck,drues,drugy,drugs,druid,drumy,drums,drung,drunk,drupa,drups,druse,druve,
druxy,dryad,dryas,dryer,dryfe,dryly,dsoba,duals,duans,duars,duats,dubba,dubby,dubre,dubya,ducal,ducat,duces,duchy,ducks,duddy,duded,dudes
,dudes,dudie,dudle,duels,duets,duffs,dufus,dufuz,dufty,dugas,duhka,duits,duked,dukes,dukhn,dules,dulia,dulls,dully,dulse,dumas,dumba,dumbs,
dumka,dumky,dumps,dumpy,dunch,dunde,dungs,dungy,dunks,dunky,dunny,dunts,dupas,dupey,duple,duply,dural,duras,duraz,dured,dures,durgh,durin,
durio,duris,durns,duroc,duros,durra,durrs,durry,durst,durum,durus,dusio,dusks,dusky,dusts,dusty,dutch,duvet,duvet,duxes,duyts,duzis,dvars,
dwaal,dwale,dwalm,dwams,dwams,dwars,dweeb,dweeb,dwele,dwelt,dwick,dwile,dwilt,dwims,dwine,dwink,dwist,dwite,dwyle,dwyme,dying,dyked,dyker,
dykes,dylas,dylis,dylly,dymes,dynal,dynes,dyrrh,dyson,dzako,dzako,dzama,dzama,dzane,dzars,dzeru,dzhoes,dzhoes,dzong,dzoos,dzuku,dzuly,dzuri,
dzyga,dzygo,dzyne,eacon,eades,eager,eagle,eagre,eahes,eanes,earby,earce,earcy,eards,earks,earl,eased,easel,easer,eases,easte,easts,eatco,eaten,
eater,eatoo,eatts,eaufe,eaufs,eaved,eaves,eavin,eavit,eavns,ebabs,ebbed,ebbet,ebert,ebony,ebook,eboot,ebras,ebron,ebury,ebury,ecans,ecant,ecaps,
ecaro,ecars,ecart,ecase,ecaus,eccie,eccle,ecdoc,eceat,eceds,ecees,ecent,echae,echas,eches,echin,echos,echti,ecide,ecils,ecime,ecine,ecips,ecius,
ecits,ecito,ecius,eclet,eclos,ecman,ecost,ecray,ecroy,ecser,ecsin,ecuck,ecuhs,ecule,ecums,ecuse,ecush,ecyke,edams,edant,edare,edart,edash,edass,
edatt,edber,edcan,edcar,edcey,eddit,eddyt,edead,edeal,edeen,edeen,edell,edels,edend,edene,edent,edent,eders,edesk,edeye,edger,edges,edger,edged,
edgle,edgon,edher,edict,ediel,edier,edies,edien,edies,edify,edile,edils,eding,edins,ediot,edits,edles,edman,edmen,edmin,edmit,edmon,ednes,edney,edney,edney,edone,edory,edown,edows,edred,edres,edrow,edsar,edses,edson,edton,edton,educa,educe,educt,edums,edung,edvoo,edvoo,edwin,edwys,eeing,eelia,eeman,eeman,eenes,eenes,eeple,eeter,eeton,eevan,eeway,eeway,eeyer,eface,efate,efaux,efeat,efeed,efeed,efell,efelt,efend,efend,efere,efers,efide,efied,efies,
